id;company_name;address_1;address_2;postal_code;contact_name;phone_no;contact_email;province;notify;residential;created_by_user;instruction;date_created;date_updated
1;mobile Fish;Home Loan Account Table Computer;Trace;Savings Account alarm;Tasty Metal Bacon;red Chips Soap;Home Loan Account;web-readiness;false;true;enable Gorgeous Frozen Pants;Common;2019-09-26;2019-09-26
2;syndicate;Mississippi Refined Rubber Chicken Table;Automotive;Planner cross-platform access;Public-key;infomediaries;Investment Account;Games Regional Digitized;true;true;convergence;Mayotte;2019-09-27;2019-09-27
3;synthesizing Views e-enable;Credit Card Account National Awesome;Aruba;software scale interactive;Louisiana Specialist Home Loan Account;Plastic;Car Industrial deliverables;orange Books;true;false;monitor 1080p Checking Account;world-class Frozen IB;2019-09-26;2019-09-26
4;Ergonomic;moratorium moratorium;New York tangible Mississippi;Frozen bus;hard drive Robust Networked;Poland;Small partnerships;Outdoors;true;false;Montana;Corporate Phased relationships;2019-09-26;2019-09-27
5;Brand;neutral Salad;Auto Loan Account modular Refined;digital maroon;EXE projection Fresh;support Gorgeous;withdrawal;copying;true;false;Hat;supply-chains magenta;2019-09-27;2019-09-27
6;User-centric Gloves;Mauritania;facilitate Tasty Concrete Chips Exclusive;Buckinghamshire capability zero tolerance;mission-critical;Berkshire Small Plastic Pants Investor;Canadian Dollar;Berkshire Designer;false;true;Handmade 24/7 Re-contextualized;web-enabled invoice withdrawal;2019-09-26;2019-09-26
7;optical;installation;Argentine Peso;Kentucky Algerian Dinar Clothing;open-source turn-key;Sausages;disintermediate Cambridgeshire hacking;bricks-and-clicks Concrete Global;true;true;Profound;parsing;2019-09-26;2019-09-26
8;content-based Executive;Customer Human deposit;even-keeled Saint Helena Pound;Internal AI optical;bypassing Marketing;Dynamic Home Loan Account Tools;Branding;Home Gloves Latvia;true;false;Manager Fish;Networked;2019-09-26;2019-09-27
9;world-class program alarm;Nevada;Berkshire;dedicated Persevering;Coordinator Cambridgeshire Investor;cross-platform Borders;Libyan Dinar CSS;sensor;false;true;calculate;Chips;2019-09-26;2019-09-26
10;uniform PCI back up;Tactics architectures Planner;Facilitator Incredible functionalities;compressing;Bedfordshire;Maryland Configuration;Intranet Ergonomic Concrete Soap Zambian Kwacha;Concrete Bedfordshire;true;false;calculating Metal array;discrete redundant;2019-09-26;2019-09-27
